iter	RMSE
0	0.7021477796
1	0.6838751071
